no,PDB,pdb_id,chain,start_residue,end_residue,sequence,folding_type,sequence_length,Lpdb,L,position,auth,Uniport,used_position,,,
1,1ARR (1–106),1ARR,A,1,106,MKGMSKMPQFNLRWPREVLDLVRKVAEENGRSVNSEIYQRVMESFKKEGRIGA,2S,53,53,125,1-53,,,,,,
2,1BA5,1BA5,A,,,RKRQAWLWEEDKNLRSGVRKYGEGNWSKILLHYKFNNRTSVMLKDRWRTMKKL,2S,53,53,53,,,,,,,
3,1CUN (7–112),1CUN,A,7,112,VHQFFRDMDDEESWIKEKKLLVSSEDYGRDLTGVQNLRKKHKRLEAELAAHEPAIQSVLDTGKKLSDDNTIGKEEIQQRLAQFVDHWKELKQLAAARGQRLEESL,2S,105,106,116,2-213,8-219,x,,,,
4,1CUN (113–219),1CUN,A,113,219,EYQQFVANVEEEEAWINEKMTLVASEDYGDTLAAIQGLLKKHEAFETDFTVHKDRVNDVCANGEDLIKKNNHHVENITAKMKGLKGKVSDLEKAAAQRKAKLDENSA,2S,107,107,116,,,,,,,
5,1E41 (93–192),1E41,A,93,192,GEEDLCAAFNVICDNVGKDWRRLARQLKVSDTKIDSIEDRYPRNLTERVRESLRIWKNTEKENATVAHLVGALRSCQMNLVADLVQEVQQARDLQNRSGA,2S,100,100,100,,89-192,,5-104,Homo sapiens Exclude changed ones in uniport,,
6,1FEX,1FEX,A,,,GRIAFTDADDVAILTYVKENARSPSSVTGNALWKAMEKSSLTQHSWQSLKDRYLKHLRG,2S,59,59,59,,,,,,,
7,1IDY,1IDY,A,,,EVKKTSWTEEEDRILYQAHKRLGNRWAEIAKLLPGRTDNAIKNHWNSTMRRKV,2S,53,54,54,,,,2-54,????,,
8,1IMQ,1IMQ,A,,,MELKHSISDYTEAEFLQLVTTICNADTSSEEELVKLVTHFEEMTEHPSGSDLIYYPKEGDDDSPSGIVNTVKQWRAANGKSGFKQG,2S,86,86,93,,,,,,,
9,1L8W (Chain B: 29–335),1L8W,B,29,335,TAVEGAIKEVSELLDKLVKAVKTAEGASSGTAAIGEVVADADAAKVADKASVKGIAKGIKEIVEAAGGSEKLKAVAAAKGENNKGAGKLFGKAGAAAHGDSEAASKAAGAVSAVSGEQILSAIVTAADAAEQDGKKPEEAKNPIAAAIGDKDGGAEFGQDEMKKDDQIAAAIALRGMAKDGKFAVKDGEKEKAEGAIKGAAESAVRKVLGAITGLIGDAVSSGLRKVGDS,2S,230,307,338,13-348,21-356,,105-334,,,
10,1LMB (6–85),1LMB,A,6,85,PLTQEQLEDARRLKAIYEKKKNELGLSQESVADKMGMGQSGVGALFNGINALNAYNAALLAKILKVSVEEFSPSIAREIY,2S,80,80,80,,2-322,,6-85,Exclude unmodeled part good. But why 85 why not 92 (),,
11,1PRB (7–53),1PRB,A,7,53,LKNAKEDAIAELKKAGITSDFYFNAINKAKTVEEVNALKNEILKAHA,2S,47,47,47,,,,7-53,,,
12,1RYK,1RYK,A,,,MNKDEAGGNWKQFKGKVKEQWGKLTDDDMTIIEGKRDQLVGKIQERYGYQKDQAEKEVVDWETRNEYRW,2S,69,69,89,,,,,,,
13,1SS1 (2–60),1SS1,A,2,60,ADNKFNKEQQNAFWEILHLPNLNEEQRNGFIQSLKDDPSQSANLLAEAKKLNDAQAPKA,2S,59,59,60,,,,4-62,Grap only uniport / auth part,,
14,1ST7,1ST7,A,,,VSQLFEEKAKAVNELPTKPSTDELLELYALYKQATVGDNDKEKPGIFNMKDRYKWEAWENLKGKSQEDAEKEYIALVDQLIAKYSS,2S,86,86,86,,,,,,,
15,1U4Q (1662–1771),1U4Q,A,1662,1771,ANKQQNFNTGIKDFDFWLSEVEALLASEDYGKDLASVNNLLKKHQLLEADISAHEDRLKDLNSQADSLMTSSAFDTSQVKDKRETINGRFQRIKSMAAARRAKLNESHRL,2S,110,110,116,2-322,,,2-111,,,
16,1VII (42–76),1VII,A,42,76,LSDEDFKAVFGMTRSAFANLPLWKQQNLKKEKGLF,2S,35,35,35,,,,2-36 ,take only auth part,,
17,1W4E,1W4E,A,,,NRRVIAMPSVRKYAREKGVDIRLVQGTGKNGRVLKEDIDAWLAGG,2S,45,45,45,,126-170,,3-47,Exclude unmodeled part,,
18,1W4J,1W4J,A,,,REVAAMPAARRLAKELGIDASKVKGTGPGGVITVEDVKRWAEETAKATA,2S,49,51,51,,127-175,,3-51,take only auth part,,?????
19,1YYJ,1YYJ,A,,,ADLEDNWETLNDNLKVIEKADNAAQVKDALTKMRAAALDAQKATPPKLEDKSPDSPEMKDFRHGFDILVGQIDDALKLANEGKVKEAQAAAEQLKTTIRAYNQKYG,2S,106,106,106,,,,,,,
20,2A3D,2A3D,A,,,MGSWAEFKQRLAAIKTRLQALGGSEAELAAFEKEIAAFESELQAYKGKGNPEVEALRKEAAAIRDELQAYRHN,2S,73,73,73,,,,,,,
21,2LLH (19–70),2LLH,A,19,70,SVEDIKAKMQASIEKGGSLPKVEAKFINYVKNCFRMTDQEAIQDLWQWRKSL,2S,52,52,52,,,,23-74,,,
22,2WXC,2WXC,A,,,GSQNNDALSPAIRRLLAEWNLDASAIKGTGVGGRLTREDVEKHLAKA,2S,47,47,47,,,,,"Why take full chain, why not only auth part like others",,
23,2WQG,2WQG,A,,,GSADYSSLTVVQLKDLLTKRNLSVGGLKNEWVQRLIKDDEESKGESEVSPQ,2S,51,51,51,,,,,"Why take full chain, why not only auth part like others",,
24,1KDX (586–666),1KDX,A,586,666,GVRKGWHEHVTQDLRSHLVHKLVQAIFPTPDPAALKDRRMENLVAYAKKVEGDMYESANSRDEYYHLLAEKIYKIQKELE,2S,80,80,86,,,,1-81,,,
25,1IO2,1IO2,A,,,MKIAGIDEAGRGPVIGPMVIAAVVVDENSLPKLEELKVRDSKKLTPKRREKLFNEILGVLDDYVILELPPDVIGSREGTLNEFEVENFAKALNSLKVKPDVIYADAADVDEERFARELGERLNFEAEVVAKHKADDIFPVVSAASILAKVTRDRAVEKLKEEYGEIGSGYPSDPRTRAFLENYYREHGEFPPIVRKGWKTLKKIAEKVESEKK,2S,213,213,228,,,,,take full chain,,
26,2MYO,2MYO,A,,,MCDKEFMWALKNGDLDEVKDYVAKGEDVNRTLEGGRKPLHYAADCGQLEILEFLLLKGADINAPDKHHITPLLSAVYEGHVSCVKLLLSKGADKTVKGPDGLTALEATDNQAIKALLQ,2S,118,118,118,,,,,take full chain,,
27,2QJL,2QJL,A,,,MVNVKVEFLGGLDAIFGKQRVHKIKMDKEDPVTVGDLIDHIVSTMINNPNDVSIFIEDDSIRPGIITLINDTDWELEGEKDYILEDGDIISFTSTLHGG,2S,99,99,101,,,,,take full chain,,
28,1APS,1APS,A,,,STARPLKSVDYEVFGRVQGVCFRMYAEDEARKIGVVGWVKNTSKGTVTGQVQGPEEKVNSMKSWLSKVGSPSSRIDRTNFSNEKTISKLEYSNFSVRY,2S,98,98,99,,,,,take full chain,,
29,1D6O,1D6O,A,,,GVQVETISPGDGRTFPKRGQTCVVHYTGMLEDGKKFDSSRDRNKPFKFMLGKQEVIRGWEEGVAQMSVGQRAKLTISPDYAYGATGHPGIIPPHATLVFDVELLKLE,2S,107,107,107,,,,,take full chain,,
30,1DIV (1–56),1DIV,A,1,56,MKVIFLKDVKGKGKKGEIKNVADGYANNFLFKQGLAIEATPANLKALEAQKQKEQR,2S,56,56,56,,,,,,,
31,1DIV (58–149),1DIV,A,58,149,AAEELANAKKLKEQLEKLTVTIPAKAGEGGRLFGSITSKQIAESLQAQHGLKLDKRKIELADAIRALGYTNVPVKLHPEVTATLKVHVTEQK,2S,92,92,92,,,,,,,
32,1DKT (5–76),1DKT,A,5,76,QIYYSDKYDDEEFEYRHVMLPKDIAKLVPKTHLMSESEWRNLGVQQSQGWVHYMIHEPEPHILLFRRPLPKK,2S,72,72,79,,,,5-76,Exclude unmodeled part from start and end,,
33,1E0G,1E0G,A,,,DSITYRVRKGDSLSSIAKRHGVNIKDVMRWNSDTANLQPGDKLTLFVK,2S,48,48,64,,,,,take full chain,,
34,1FHT (2–97),1FHT,A,2,97,VPETRPNHTIYINNLNEKIKKDELKKSLYAIFSQFGQILDILVSRSLKMRGQAFVIFKEVSSATNALRSMQGFPFYDKPMRIQYAKTDSDIIAKMK,2S,96,96,102,,,,,Don't know why take part of the chain where as there is no unmodeled part,,
35,1HDN,1HDN,A,,,MFQQEVTITAPNGLHTRPAAQFVKEAKGFTSEITVTSNGKSASAKSLFKLQTLGLTQGTVVTISAEGEDEQKAVEHLVKLMAELE,2S,85,85,85,,,,,take full chain,,
36,1J5U,1J5U,A,,,MRKPIEHTADIAYEISGNSYEELLEEARNILLEEEGIVLDTEEKEKMYPLEETEDAFFDTVNDWILEISKGWAPWRIKREGNELKVTFRKIRKKEGTEIKALTYHLLKFERDGDVLKTKVVFDT,2S,124,124,124,,7-130,,13-136,"There is no mention of which part should take, but still it take the auth part. Why not follow it with others??",,
37,1N88,1N88,A,,,MKTAYDVILAPVLSEKAYAGFAEGKYTFWVHPKATKTEIKNAVETAFKVKVVKVNTLHVRGKKKRLGRYLGKRPDRKKAIVQVAPGQKIEALEGLI,2S,96,96,96,,,,,take full chain,,
38,1O6X,1O6X,A,,,LETFVGDQVLEIVPSNEEQIKNLLQLEAQEHLQLDFWKSPTTPGETAHVRVPFVNVQAVKVFLESQGIAYSIMIEDVQ,2S,78,81,81,,,,,Why take full chain. Why not follow 5 no? Why not exclude changed part like 5,,
39,1RFA (56–130),1RFA,A,56,130,NTIRVFLPNKQRTVVNVRNGMSLHDCLMKALKVRGLQPECCAVFRLLHEHKGKKARLDWNTDAASLIGEELQVDF,2S,75,75,75,,,,3-77,,,
40,1RIS (1–97),1RIS,A,1,97,MRRYEVNIVLNPNLDQSQLALEKEIIQRALENYGARVEKVEELGLRRLAYPIAKDPQGYFLWYQVEMPEDRVNDLARELRIRDNVRRVMVVKSQEPF,2S,97,97,101,,,,1-97,exclude unmodeled part,,
41,1SPR (2–104),1SPR,A,2,104,AEEWYFGKITRRESERLLLNPENPRGTFLVRESETTKGAYCLSVSDFDNAKGLNVKHYKIRKLDSGGFYITSRTQFSSLQQLVAYYSKHADGLCHRLTNVCPT,2S,103,103,110,,,,2-104,exclude unmodeled part,,
42,2BKF (1–85),2BKF,A,1,85,MEPQVTLNVTFKNEIQSFLVSDPENTTWADIEAMVKVSFDLNTIQIKYLDEENEEVSINSQGEYEEALKMAVKQGNQLQMQVHEG,2S,85,85,100,,,,3-87,,,
43,2J5A (3–108),2J5A,A,3,108,MRHYKTLRYYETVFAVKPTLSEEEMKKKFEQVKEFIKQKGGEILYEEDWGMRQLAYPIQKFNNARYFLVQFKTENPQLPNELDFQLKIDEDVIRWLNIQIKESEVKKNAQ,2S,110,106,110,,,,full,,,
44,2PTL (18–77),2PTL,A,18,77,ENKEETPETPETDSEEEVTIKANLIFANGSTQTAEFKGTFEKATSEAYAYADTLKKDNGEYTVDVADKGYTLNIKFAG,2S,78,62,79,,,,full,,,
45,2VH7 (5–98),2VH7,A,5,98,MAEGNTLISVDYEIFGKVQGVFFRKHTQAEGKKLGLVGWVQNTDRGTVQGQLQGPISKVRHMQEWLETRGSPKSHIDKANFNNEKVILKLDYSDFQIVK,2S,99,94,98,,,,full,,,
46,3CI2,3CI2,A,,,HNLKTEWPELVGKSVEEAKKVILQDKPEAQIIVLPVGTIVTMEYRIDRVRLFVDKLDNIAQVPRVG,2S,66,64,64,,,,full,,,
47,1EHB (3–84),1EHB,A,3,84,AVKYYTLEEIQKHNNSKSTWLILHYKVYDLTKFLEEHPGGEEVLREQAGGDATENFEDVGHSTDARELSKTFIIGELHPDDR,2S,82,82,104,,,,full,,,
48,2GA5,2GA5,A,,,MESSTDGQVVPQEVLNLPLEKYHEEADDYLDHLLDSLEELSEAHPDCIPDVELSHGVMTLEIPAFGTYVINKQPPNKQIWLASPLSGPNRFDLLNGEWVSLRNGTKLTDILTEEVEKAISKSQ,2S,123,119,123,,,,,,,
49,1NFI (67–206),1NFI,A,67,206,TGPGTVRISLVTKDPPHRPHPHELVGKDCRDGFYEAELCPDRCIHSFQNLGIQCVKKRDLEQAISQRIQTNNNPFQVPIEEQRGDYDLNAVRLCFQVTVRDPSGRPLRLPPVLPHPIFDNRAPNTAELKICRVNRNSGSC,2S,140,140,140,,,,47-187,,,
50,1C8C,1C8C,A,,,MATVKFKYKGEEKQVDISKIKKVWRVGKMISFTYDEGGGKTGRGAVSEKDAPKELLQMLAKQKK,2S,64,64,64,,,,full,,,
51,1K0S,1K0S,A,,,MKTLADALKEFEVLSFEIDEQALAFDVDNIEMVIEKSDITPVPKSRHFVEGVINLRGRIIPVVNLAKILGISFDEQKMKSIIVARTKDVEVGFLVDRVLGVLRITENQLDLTNVSDKFGKKSKGLVKTDGRLIIYLDIDKIIEEITVKEGV,2S,151,151,151,,,,full,,,
52,1LOP,1LOP,A,,,MVTFHTNHGDIVIKTFDDKAPETVKNFLDYCREGFYNNTIFHRVINGFMIQGGGFEPGMKQKATKEPIKNEANNGLKNTRGTLAMARTQAPHSATAQFFINVVDNDFLNFSGESLQGWGYCVFAEVVDGMDEVDKIKGVATGRSGMHQDVPKEDVIIESVTVSE,2S,164,164,164,,,,full,,,
53,1PRS (1–88),1PRS,A,1,88,MANITVFYNEDFQGKQVDLPPGNYTRAQLAALGIENNTISSVKVPPGVKAILYQNDGFAGDQIEVVANAEELGPLNNNVSSIRVISVP,2S,88,88,88,,,,,,,
54,1PRS (91–173),1PRS,A,91,173,PRARFFYKEQFDGKEVDLPPGQYTQAELERYGIDNNTISSVKPQGLAVVLFKNDNFSGDTLPVNSDAPTLGAMNNNTSSIRIS,2S,83,83,91,,,,,,,
55,1C9O,1C9O,A,,,MQRGKVKWFNNEKGYGFIEVEGGSDVFVHFTAIQGEGFKTLEEGQEVSFEIVQGNRGPQAANVVKL,2S,66,66,66,,,,,,,
56,1CSP,1CSP,A,,,MLEGKVKWFNSEKGFGFIEVEGQDDVFVHFSAIQGEGFKTLEEGQAVSFEIVEGNRGPQAANVTKEA,2S,67,67,67,,,,,,,
57,1G6P,1G6P,A,,,MRGKVKWFDSKKGYGFITKDEGGDVFVHWSAIEMEGFKTLKEGQVVEFEIQEGKKGPQAAHVKVVE,2S,66,66,68,,,,,,,
58,1E0L,1E0L,A,,,GATAVSEWTEYKTADGKTYYYNNRTLESTWEKPQELK,2S,37,37,37,,,,,,,
59,1E0M,1E0M,A,,,SMGLPPGWDEYKTHNGKTYYYNHNTKTSTWTDPRMSS,2S,37,37,38,,,,,,,
60,1HCD,1HCD,A,,,MGNRAFKSHHGHFLSAEGEAVKTHHGHHDHHTHFHVENHGGKVALKTHCGKYLSIGDHKQVYLSHHLHGDHSLFHLEHHGGKVSIKGHHHHYISADHHGHVSTKEHHDHDTTFEEIII,2S,118,118,118,,,,,,,
61,1JO8,1JO8,A,,,PWATAEYDYDAAEDNELTFVENDKIINIEFVDDDWWLGELEKDGSKGLFPSNYVSLGN,2S,58,58,68,,,,,,,
62,1K85,1K85,A,,,HMAPTAPTNLASTAQTTSSITLSWTASTDNVGVTGYDVYNGTALATTVTGTTATISGLAADTSYTFTVKAKDAAGNVSAASNAVSVKT,2S,88,88,88,,,,,,,
63,1K8M (1–87),1K8M,A,1,87,MGQVVQFKLSDIGEGIREVTVKEWYVKEGDTVSQFDSICEVQSDKASVTITSRYDGVIKKLYYNLDDIAYVGKPLVDIETEALKDLE,2S,87,87,93,,,,,,,
64,1TP3 (309–401),1TP3,A,309,401,REPRRIVIHRGSTGLGFNIVGGEDGEGIFISFILAGGPADLSGELRKGDQILSVNGVDLRNASHEQAAIALKNAGQTVTIIAQYKPEEYSRFE,2S,93,93,93,,,,13-105,,,
65,1K9Q,1K9Q,A,,,FEIPDDVPLPAGWEMAKTSSGQRYFLNHIDQTTTWQDPRK,2S,40,40,40,,,,,,,
66,1M9S (391–466),1M9S,A,391,466,ETTEKTVNLTRYVKYIRGNAGIYKLPREDNSLKQGTLASHRCKALTVDREARNGGKLWYRLKNIGWTKAENLSLDR,2S,76,76,85,,,,358-433,,,
67,1MJC,1MJC,A,,,SGKMTGIVKWFNADKGFGFITPDDGSKDVFVHFSAIQNDGYKSLDEGQKVSFTIESGAKGPAAGNVTSL,2S,69,69,69,,,,,,,
68,1PIN (6–39),1PIN,A,6,39,KLPPGWEKRMSRSSGRVYYFNHITNASQWERPSG,2S,34,34,34,,,,,,,
69,1PNJ (3–84),1PNJ,A,3,84,MSAEGYQYRALYDYKKEREEDIDLHLGDILTVNKGSLVALGFSDGQEAKPEEIGWLNGYNETTGERGDFPGTYVEYIGRKKI,2S,82,82,82,,,,,,,
70,1QTU (1–115),1QTU,A,1,115,GSMAGEDVGAPPDHLWVHQEGIYRDEYQRTWVAVVEEETSFLRARVQQIQVPLGDAARPSHLLTSQLPLMWQLYPEERYMDNNSRLWQIQHHLMVRGVQELLLKLLPDDRSPGIH,2S,115,115,117,,,,,,,
71,1RG8,1RG8,A,,,FNLPPGNYKKPKLLYCSNGGHFLRILPDGTVDGTRDRSDQHIQLQLSAESVGEVYIKSTETGQYLAMDTDGLLYGSQTPNEECLFLERLEENHYNTYISKKHAEKNWFVGLKKNGSCKRGPRTHYGQKAILFLPLPV,2S,137,137,140,,,,,,,
72,1AVZ (Chain C: 85–141),1AVZ,C,85,141,TLFVALYDYEARTEDDLSFHKGEKFQILNSSEGDWWEARSLTTGETGYIPSNYVAPV,2S,57,57,78,,,,,,,
73,1SHG (6–62),1SHG,A,6,62,KELVLALYDYQEKSPREVTMKKGDILTLLNSTNKDWWKVEVNDRQGFVPAAYVKKLD,2S,57,57,62,,,,,,,
74,1SRL (9–64),1SRL,A,9,64,TFVALYDYESRTETDLSFKKGERLQIVNNTEGDWWLAHSLTTGQTGYIPSNYVAPS,2S,56,56,61,,,,,,,
75,1TEN (803–891),1TEN,A,803,891,LDAPSQIEVKDVTDTTALITWFKPLAEIDGIELTYGIKDVPGDRTTIDLTEDENQYSIGNLKPDTEYEVSLISRRGDMSSNPAKETFTT,2S,89,89,90,,,,2~90,,,
76,1WIT,1WIT,A,,,LKPKILTASRKIKIKAGFTHNLEVDFIGAPDPTATWTVGDSGAALAPELLVDAKSSTTSIFFPSAKRADSGNYKLKVKNELGEDEAIFEVIVQ,2S,93,93,93,,,,,,,
77,2VKN (1–66),2VKN,A,1,66,DNFIYKAKALYPYDADDDDAYEISFEQNEILQVSDIEGRWWKARRANGETGIIPSNYVQLIDGPEE,2S,66,66,76,,,,,,,
78,1FNF (1325–1415),1FNF,A,1325,1415,TGLDSPTGIDFSDITANSFTVHWIAPRATITGYRIRHHPEHFSGRPREDRVPHSRNSITLTNLTPGTEYVVSIVALNGREESPLLIGQQST,2S,91,91,91,,,,184-274,?????,,
79,1GM1 (9–102),1GM1,A,9,102,KPGDTFEVELAKTDGSLGISVTGGVNTSVRHGGIYVKAIIPKGAAESDGRIHKGDRVLAVNGVSLEGATHKQAVETLRNTGQVVHLLLEKGQVP,2S,94,94,94,,,,,,,
80,2JMC,2JMC,A,,,PREVTMKKGDILTLLNSTNKDWWKVEVNDRQGFVPAAYVKKLD,2S,43,75,75,,,,5-47,????,,
81,1FGA (20–143),1FGA,A,20,143,PKRLYCKNGGFFLRIHPDGRVDGVREKSDPHIKLQLQAEERGVVSIKGVCANRYLAMKEDGRLLASKCVTDECFFFERLESNNYNTYRSRKYTSWYVALKRTGQYKLGSKTGPGQKAILFLPMS,2S,124,124,153,,,,,,,
82,3ZRT (3–93),3ZRT,A,3,93,MEYEEITLERGNSGLGFSIAGGTDNPHIGDDPSIFITKIIPGGAAAQDGRLRVNDSILFVNEVDVREVTHSAAVEALKEAGSIVRLYVMRR,2S,91,91,91,,,,11-101,,,
83,3ZRT (97–189),3ZRT,A,97,189,AEKVMEIKLIKGPKGLGFSIAGGVGNQHIPGDNSIYVTKIIEGGAAHKDGRLQIGDKILAVNSVGLEDVMHEDAVAALKNTYDVVYLKVAKP,2S,92,93,95,,,,105-197,,,
84,1QAU (14–125),1QAU,A,14,125,NVISVRLFKRKVGGLGFLVKERVSKPPVIISDLIRGGAAEQSGLIQAGDIILAVNDRPLVDLSYDSALEVLRGIASETHVVLILRGPEGFTTHLETTFTGDGTPKTIRVTQP,2S,112,112,132,,,,1-112,,,
85,3O4B (11–147),3O4B,A,11,147,PVLLKSTETGQYLRINPDGTVDGTRDRSDTHIQFQISPEGNGEVLLKSTETGQYLRINPDGTVDGTRDRSDTHIQFQISPEGNGEVLLKSTETGQYLRINPDGTVDGTRDRSDTHIQFQISPE,2S,123,137,140,,,,17-139,?????,,
86,3O49,3O49,A,,,KPVLLKSTETGQYLRINPDGTVDGTRDRSDQHIQFQVSPEGGGEVLLKSTETGQYLRINPDGTVDGTRDRSDQHIQFQVSPEGGGEVLLKSTETGQYLRINPDGTVDGTRDRSDQHIQFQVSP,2S,123,127,140,,,,16-138,???,,
87,3O4D,3O4D,A,,,PVLLKSTETGQYLRINPDGTVDGTRDRSDPHIQFQISPEGNGEVLLKSTETGQYLRINPDGTVDGTRDRSDPHIQFQISPEGNGEVLLKSTETGQYLRINPDGTVDGTRDRSDPHIQFQISPE,2S,123,126,140,,,,17-139,???,,
88,2L6R,2L6R,A,,,MVRQEELAAARAALHDLMTGKRVATVQKDGRRVEFTATSVSDLKKYIAELEVQTGMTQRRRG,2S,62,62,62,,,,,,,
89,2X7Z (311–407),2X7Z,A,311,407,KPVSEKIMEIKLIKGPKGLGFSIAGGVGNQHWPGDNSIYVTKIIEGGAAHKDGKLQIGDKLLAVNNVALEEVTHEEAVTALKNTSDFVYLKVAKPTS,2S,97,97,97,,,,3-99,,,
1,1A6N,1A6N,A,,,VLSEGEWQLVLHVWAKVEADVAGHGQDILIRLFKSHPETLEKFDRFKHLKTEAEMKASEDLKKHGVTVLTALGAILKKKGHHEAELKPLAQSHATKHKIPIKYLEFISEAIIHVLHSRHPGDFGADAQGAMNKALELFRKDIAAKYKELGY,N2S,151,151,153,1-151,1-151,,,,,
2,1AU7 (103–160),1AU7,A,,,KRRTTISIAAKDALERHFGEHSKPSSQEIMRMAEELNLEKEVVRVWFCNRRQREKRVK,N2S,58,58,63,89-146,103-160,,good,Exclude from start to unmodeled part. Take after unmodeled part. Good example,,
3,1AUE (2022–2115),1AUE,A,,,ILWHEMWHEGLEEASRLYFGERNVKGMFEVLEPLHAMMERGPQTLKETSFNQAYGRDLMEAQEWCRKYMKSGNVKDLTQAWDLYYHVFRRISKQ,N2S,94,94,95,7-100,2022-2115,,????,Why include unmodeled part. Why not start from 2023-2114,,
4,1AYI (1–86),1AYI,A,,,MELKNSISDYTEAEFVQLLKEIEKENVAATDDVLDVLLEHFVKITEHPDGTDLIYYPSDNRDDSPEGIVKEIKEWRAANGKPGFKQ,N2S,86,86,86,1~86,1~86,,,Exclude last residue as it's unmodled. ,,
5,1DWR (1–152),,A,,,GLSDGEWQQVLNVWGKVEADIAGHGQEVLIRLFTGHPETLEKFDKFKHLKTEAEMKASEDLKKHGTVVLTALGGILKKKGHHEAELKPLAQSHATKHKIPIKYLEFISDAIIHVLHSKHPGDFGADAQGAMTKALELFRNDIAAKYKELGFQ,N2S,152,152,153,1~152,1~152,,,Exclude last residue as it's unmodled. ,,
6,1ENH,1ENH,A,,,RPRTAFSSEQLARLKREFNENRYLTERRRQQLSSELGLNEAQIKIWFQNKRAKI,N2S,54,54,54,,,,,take full chain,,
7,1UZC (3–71),1UZC,A,,,QPAKKTYTWNTKEEAKQAFKELLKEKRVPSNASWEQAMKMIINDPRYSALAKLSEKKQAFNAYKVQTEK,N2S,69,69,71,3~71,3~71,,,Exclude first 3 residues as it's unmodled. ,,
8,1NTI,1NTI,A,,,SQAEFDKAAEEVKHLKTKPADEEMLFIYSHYKQATVGDINTERPGMLDFKGKAKWDAWNELKGTSKEDAMKAYIDKVEELKKKYGI,N2S,86,86,86,1~86,1~86,,,take full chain,,
9,2CRO (1–65),2CRO,A,,,MQTLSERLKKRRIALKMTQTELATKAGVKQQSIQLIEAGVTKRPRFLFEIAMALNCDPVWLQYGT,N2S,65,65,71,1~65,,,,Exclude last 6 residues as it's unmodled. ,,
10,1OKS,1OKS,A,,,ASRSVIRSIIKSSRLEEDRKRYLMTLLDDIKGANDLAKFHQMLVKIIMK,N2S,49,49,49,2~50,2~50,,,Take only auth/uniport part,,
11,1BTA,1BTA,A,,,KKAVINGEQIRSISDLHQTLKKELALPEYYGENLDALWDCLTGWVEYPLVLEWRQFEQSKQLTENGAESVLQVFREAKAEGCDITIILS,N2S,89,89,90,1~89,1~89,,,take full chain,,
12,1FTG (2–169),1FTG,A,,,KKIGLFYGTQTGKTESVAEIIRDEFGNDVVTLHDVSQAEVTDLNDYQYLIIGCPTWNIGELQSDWEGLYSELDDVDFNGKLVAYFGTGDQIGYADNFQDAIGILEEKISQRGGKTVGYWSTDGYDFNDSKALRNGKFVGLALDEDNQSDLTDDRIKSWVAQLKSEFGL,N2S,168,168,169,1~168,2~169,,,take full chain,,
13,1HRH (427–556),1HRH,A,,,YQLEKEPIVGAETFYVDGAANRETKLGKAGYVTNKGRQKVVPLTNTTNQKTELQAIYLALQDSGLEVNIVTDSQYALGIIQAQPDKSESELVNQIIEQLIKKEKVYLAWVPAHKGIGGNEQVDKLVSAGI,N2S,130,130,134,1~130,427~556,,,Exclude last 6 residues as it's unmodled. ,,
14,1PHP (1–175),1PHP,A,,,MNKKTIRDVDVRGKRVFCRVDFNVPMEQGAITDDTRIRAALPTIRYLIEHGAKVILASHLGRPKGKVVEELRLDAVAKRLGELLERPVAKTNEAVGDEVKAAVDRLNEGDVLLLENVRFYPGEEKNDPELAKAFAELADLYVNDAFGAAHRAHASTEGIAHYLPAVAGFLMEKEL,N2S,175,175,175,1~175,1~175,,,,,
15,1PHP (186–394),1PHP,A,,,DRPFTAIIGGAKVKDKIGVIDNLLEKVDNLIIGGGLAYTFVKALGHDVGKSLLEEDKIELAKSFMEKAKEKGVRFYMPVDVVVADRFANDANTKVVPIDAIPADWSALDIGPKTRELYRDVIRESKLVVWNGPMGVFEMDAFAHGTKAIAEALAEALDTYSVIGGGDSAAAVEKFGLADKMDHISTGGGASLEFMEGKQLPGVVALEDK,N2S,209,209,209,186~394,186~394,,,take whole chain but don't know why exclude some residue from the middle,,
16,1RA9,1RA9,A,,,MISLIAALAVDRVIGMENAMPWNLPADLAWFKRNTLDKPVIMGRHTWESIGRPLPGRKNIILSSQPGTDDRVTWVKSVDEAIAACGDVPEIMVIGGGRVYEQFLPKAQKLYLTHIDAEVEGDTHFPDYEPDDWESVFSEFHDADAQNSHSYCFEILERR,N2S,159,159,159,,,,,take full chain,,
17,1WQ5,1WQ5,A,,,MERYESLFAQLKERKEGAFVPFVTLGDPGIEQSLKIIDTLIEAGADALELGIPFSDPLADGPTIQNATLRAFAAGVTPAQCFEMLALIRQKHPTIPIGLLMYANLVFNKGIDEFYAQCEKVGVDSVLVADVPVEESAPFRQAALRHNVAPIFICPPNADDDLLRQIASYGRGYTYLLSRAGVTGAENRAALPLNHLVAKLKEYNAAPPLQGFGISAPDQVKAAIDAGAAGAISGSAIVKIIEQHINEPEKMLAALKVFVQPMKAATRS,N2S,268,268,268,,,,,take whole chain though there are 2 unmodeled parts in the middle,,
18,2RN2,,A,,,MLKQVEIFTDGSCLGNPGPGGYGAILRYRGREKTFSAGYTRTTNNRMELMAAIVALEALKEHCEVILSTDSQYVRQGITQWIHNWKKRGWKTADKKPVKNVDLWQRLDAALGQHQIKWEWVKGHAGHPENERCDELARAAAMNPTLEDTGYQVEV,N2S,155,155,155,,,,,take full chain,,
19,3CHY,3CHY,A,,,ADKELKFLVVDDFSTMRRIVRNLLKELGFNNVEEAEDGVDALNKLQAGGYGFVISDWNMPNMDGLELLKTIRADGAMSALPVLMVTAEAKKENIIAAAQAGASGYVVKPFTAATLEEKLNKIFEKLGM,N2S,128,128,129,1~128,2~129,,,take full chain,,
20,3F6R (2–148),3F6R,A,,,SKVLIVFGSSTGNTESIAQKLEELIAAGGHEVTLLNAADASAENLADGYDAVLFGCSAWGMEDLEMQDDFLSLFEEFDRIGLAGRKVAAFASGDQEYEHFCGAVPAIEERAKELGATIIAEGLKMEGDASNDPEAVASFAEDVLKQL,N2S,147,147,148,2~148,2~148,,,exclude 1st residue as it's unmodeled,,
21,1IGS (27–248),1IGS,A,,,QRPIISLNERILEFNKRNITAIIAEYKRKSPSGLDVERDPIEYSKFMERYAVGLSILTEEKYFNGSYETLRKIASSVSIPILMKDFIVKESQIDDAYNLGADTVLLIVKILTERELESLLEYARSYGMEPLIEINDENDLDIALRIGARFIGINSRDLETLEINKENQRKLISMIPSNVVKVAESGISERNEIEELRKLGVNAFLIGSSLMRNPEKIKEFIL,N2S,222,222,222,27~247,,,???,don't know why exclude 27 residues from the start,,
22,3H08,3H08,A,,,MEKTITIYTDGAASGNPGKGGWGALLMYGSSRKEISGYDPATTNNRMELMAAIKGLEALKEPARVQLYSDSAYLVNAMNEGWLKRWVKNGWKTAAKKPVENIDLWQEILKLTTLHRVTFHKVKGHSDNPYNSRADELARLAIKENS,N2S,146,146,146,,,,???,take whole chian though there are some residue unmodeled,,
23,1THF,1THF,A,,,MLAKRIIACLDVKDGRVVKGSNFENLRDSGDPVELGKFYSEIGIDELVFLDITASVEKRKTMLELVEKVAEQIDIPFTVGGGIHDFETASELILRGADKVSINTAAVENPSLITQIAQTFGSQAVVVAIDAKRVDGEFMVFTYSGKKNTGILLRDWVVEVEKRGAGEILLTSIDRDGTKSGYDTEMIRFVRPLTTLPIIASGGAGKMEHFLEAFLAGADAALAASVFHFREIDVRELKEYLKKHGVNVRLEGL,N2S,253,253,253,,,,,take full chain,,
24,1B9C (4–230),1B9C,A,,,ASKGEELFTGVVPILVELDGDVNGHKFSVSGEGEGDATYGKLTLKFICTTGKLPVPWPTLVTTFTYGVQCFSRYPDHMKQHDFFKSAMPEGYVQERTISFKDDGNYKTRAEVKFEGDTLVNRIELKGIDFKEDGNILGHKLEYNYNSHNVYITADKQKNGIKANFKIRHNIEDGSVQLADHYQQNTPIGDGPVLLPDNHYLSTQSALSKDPNEKRDHMVLLEFVTAAGITHGMDELYK,N2S,238,227,238,4~228,,,?????,Exclude unmodeled part from start and end but still length not matching [So I take full chain to match 238],,
25,1BNI (3–110),1BNI,A,,,VINTFDGVADYLQTYHKLPDNYITKSEAQALGWVASKGNLADVAPGKSIGGDIFSNREGKLPGKSGRTWREADINYTSGFRNSDRILYSSDWLIYKTTDHYQTFTKIR,N2S,108,108,110,3~110,,,,Exclude first 2 residue as it's unmodeled,,
26,2A5E (9–156),2A5E,A,,,MEPSADWLATAAARGRVEEVRALLEAGALPNAPNSYGRRPIQVMMMGSARVAELLLLHGAEPNCADPATLTRPVHDAAREGFLDTLVVLHRAGARLDVRDAWGRLPVDLAEELGHRDVARYLRAAAGGTRGSNHARIDAAEGPSDIPD,N2S,148,148,148,,,,,don't know why exclude first 8 residues from the start,,
27,1GXT (4–91),1GXT,A,,,NTSCGVQLRIRGKVQGVGFRPFVWQLAQQLNLHGDVCNDGDGVEVRLREDPEVFLVQLYQHCPPLARIDSVEREPFIWSQLPTEFTIR,N2S,88,88,91,,,,,Exclude first 2 residue as it's unmodeled,,
28,1FA3,1FA3,A,,,GEWEIIDIGPFTQNLGKFAVDEENKIGQYGRLTFNKVIRPCMKKTIYENEGFREIKGYEYQLYVYASDKLFRADISEDYKTRGRKLLRFNGPVPPP,N2S,96,96,97,,,,,take full chain though auth chain length is very small,,
29,1L63 (1–162),1L63,A,,,MNIFEMLRIDEGLRLKIYKDTEGYYTIGIGHLLTKSPSLNAAKSELDKAIGRNTNGVITKDEAEKLFNQDVDAAVRGILRNAKLKPVYDSLDAVRRAALINMVFQMGETGVAGFTNSLRMLQQKRWDEAAVNLAKSRWYNQTPNRAKRVITTFRTGTWDAYK,N2S,162,162,164,,,,,Exclude last 2 residues due to unmodeled,,
30,1PGB,1PGB,A,,,MTYKLILNGKTLKGETTTEAVDAATAEKVFKQYANDNGVDGEWTYDDATKTFTVTE,N2S,56,56,57,,,,????,take full chain though auth chain exclude first 1 residue,,
31,1PUC_mod (2–102),1PUC,A,,,SKSGVPRLLTASERERLEPFIDQIHYSPRYADDEYEYRHVMLPKAMLKAIPTDYFNPETGTLRILQEEEWRGLGITQSLGWEMYEVHVPEPHILLFKREKD,N2S,101,101,114,,,,,Exclude last 4 residues due to unmodeled,,
32,1UBQ,1UBQ,A,,,MQIFVKTLTGKTITLEVEPSDTIENVKAKIQDKEGIPPDQQRLIFAGKQLEDGRTLSDYNIQKESTLHLVLRLRGG,N2S,76,76,76,,,,,take full chain,,
33,2VIL,2VIL,A,,,VELSKKVTGKLDKTTPGIQIWRIENMEMVPVPTKSYGNFYEGDCYVLLSTRKTGSGFSYNIHYWLGKNSSQDEQGAAAIYTTQMDEYLGSVAVQHREVQGHESETFRAYFKQGLIYKQGGVASGMK,N2S,126,126,126,,,,,take full chain,,
34,3BLM,3BLM,A,,,KELNDLEKKYNAHIGVYALDTKSGKEVKFNSDKRFAYASTSKAINSAILLEQVPYNKLNKKVHINKDDIVAYSPILEKYVGKDITLKALIEASMTYSDNTANNKIIKEIGGIKKVKQRLKELGDKVTNPVRYEIELNYYSPKSKKDTSTPAAFGKTLNKLIANGKLSKENKKFLLDLMLNNKSGDTLIKDGVPKDYKVADKSGQAITYASRNDVAFVYPKGQSEPIVLVIFTNKDNKSDKPNDKLISETAKSVMKEF,N2S,257,257,257,,,,,take full chain,,
35,2BJD (12–101),2BJD,A,,,MKKWSDTEVFEMLKRMYARVYGLVQGVGFRKFVQIHAIRLGIKGYAKNLPDGSVEVVAEGYEEALSKLLERIKQGPPAAEVEKVDYSFSEYKGEFEDFETY,N2S,101,90,101,,,,,take full chain,,
36,1UCH (5–230),1UCH,A,,,MEGQRWLPLEANPEVTNQFLKQLGLHPNWQFVDVYGMDPELLSMVPRPVCAVLLLFPITEKYEVFRTEEEEKIKSQGQDVTSSVYFMKQTISNACGTIGLIHAIANNKDKMHFESGSTLKKFLEESVSMSPEERARYLENYDAIRVTHETSAHEGQTEAPSIDEKVDLHFIALVHVDGHLYELDGRKPFPINHGETSDETLLEDAIEVCKKFMERDPDELRFNAIALSAA,N2S,230,226,230,,,,,take full chain,,
37,2KDI,2KDI,A,,,MHHHHHHGEFQIFAKTLTGKTITLEVESSDTIDNVKSKIQDKEGIPPDQQRLIWAGKQLEDGRTLSDYNIQRESTLHLVLRLRGGSMGGAADEEELIRKAIELSLKESRNSGGY,N2S,114,114,114,,,,,take full chain,,
38,1EKG,1EKG,A,,,GSHMGSLDETTYERLAEETLDSLAEFFEDLADKPYTFEDYDVSFGSGVLTVKLGGDLGTYVINKQTPNKQIWLSSPSSGPKRYDWTGKNWVYSHDGVSLHELLAAELTKALKTKLDLSSLAYSGKDA,N2S,127,119,130,,,,,take full chain,,
39,4BLM (31–291),4BLM,A,,,KTEMKDDFAKLEEQFDAKLGIFALDTGTNRTVAYRPDERFAFASTIKALTVGVLLQQKSIEDLNQRITYTRDDLVNYNPITEKHVDTGMTLKELADASLRYSDNAAQNLILKQIGGPESLKKELRKIGDEVTNPERFEPELNEVNPGETQDTSTARALVTSLRAFALEDKLPSEKRELLIDWMKRNTTGDALIRAGVPDGWEVADKTGAASYGTRNDIAIIWPPKGDPVVLAVLSSRDKKDAKYDDKLIAEATKVVMKALNMNGK,N2S,265,261,265,,,,,take full chain,,
40,1HNG (2–98),1HNG,A,,,RDSGTVWGALGHGINLNIPNFQMTDDIDEVRWERGSTLVAEFKRKMKPFLKSGAFEILANGDLKIKNLTRDDSGTYNVTVYSTNGTRILNKALDLRIL,N2S,98,97,98,,,,,take full chain,,
41,1I1B (3–153),1I1B,A,,,APVRSLNCTLRDSQQKSLVMSGPYELKALHLQGQDMEQQVVFSMSFVQGEESNDKIPVALGLKEKNLYLSCVLKDDKPTLQLESVDPKNYPKKKMEKRFVFNKIEINNKLEFESAQFPNWYISTSQAENMPVFLGGTKGGQDITDFTMQFVSS,N2S,153,151,153,,,,,take full chain,,
42,1TIT,1TIT,A,,,LIEVEKPLYGVEVFVGETAHFEIELSEPDVHGQWKLKGQPLTASPDCEIIEDGKKHILILHNCQLGMTGEVSFQAANAKSAANLKVKEL,N2S,89,89,89,,,,?????,Don't know why remove some residues,,
43,1TTG,1TTG,A,,,VSDVPRDLEVVAATPTSLLISWDAPAVTVRYYRITYGETGGNSPVQEFTVPGSKSTATISGLKPGVDYTITVYAVTGRGDSPASSKPISINYRT,N2S,94,94,94,,,,,take full chain,,
44,1CBI,1CBI,A,,,PNFAGTWKMRSSENFDELLKALGVNAMLRKVAVAAASKPHVEIRQDGDQFYIKTSTTVRTTEINFKVGEGFEEETVDGRKCRSLPTWENENKIHCTQTLLEGDGPKTYWTRELANDELILTFGADDVVCTRIYVRE,N2S,136,136,137,,,,,,,
45,1OPA (1–133),1OPA,A,,,MTKDQNGTWEMESNENFEGYMKALDIDFATRKIAVRLTQTKIIVQDGDNFKTKTNSTFRNYDLDFTVGVEFDEHTKGLDGRNVKTLVTWEGNTLVCVQKGEKENRGWKQWVEGDKLYLELTCGDQVCRQVFKKK,N2S,134,133,134,,,,,,,
46,1IFC,1IFC,A,,,AFDGTWKVDRNENYEKFMEKMGINVVKRKLGAHDNLKLTITQEGNKFTVKESSNFRNIDVVFELGVDFAYSLADGTELTGTWTMEGNKLVGKFKRVDNGKELIAVREISGNELIQTYTYEGVEAKRIFKKE,N2S,131,131,131,,,,,,,
47,1V9E,1V9E,A,,,SHHWGYGKHNGPEHWHKDFPIANGERQSPVDIDTKAVVQDPALKPLALVYGEATSRRMVNNGHSFNVEYDDSQDKAVLKDGPLTGTYRLVQFHFHWGSSDDQGSEHTVDRKKYAAELHLVHWNTKYGDFGTAAQQPDGLAVVGVFLKVGDANPALQKVLDALDSIKTKGKSTDFPNFDPGSLLPNVLDYWTYPGSLTTPPLLESVTWIVLKEPISVSSQQMLKFRTLNFNAEGEPELLMLANWRPAQPLKNRQVRGFPK,N2S,259,259,260,,,,,,,
48,2FS6,2FS6,A,,,PNFSGNWKIIRSENFEELLKVLGVNVMLRKIAVAAASKPAVEIKQEGDTFYIKTSTTVRTTEINFKVGEEFEEQTVDGRPCKSLVKWESENKMVCEQKLLKGEGPKTSWTRELTNDGELILTMTADDVVCTRVYVRE,N2S,137,137,137,,,,,,,
49,1ADW,1ADW,A,,,ATHEVHMLNKGESGAMVFEPAFVRAEPGDVINFVPTDKSHNVEAIKEILPEGVESFKSKINESYTLTVTEPGLYGVKCTPHFGMGMVGLVQVGDAPENLDAAKTAKMPKKARERMDAELAQVN,N2S,123,123,123,,,,,,,
50,2PQE,2PQE,A,,,ATSTKKLHKEAATLIKAIDGDTVKLMYKGQAMTFRLLLVDTAETKHTKKGVEKYGAEASAFTKKMVENAKKIEVEFDKGQRTDKYGRGLAYIYADGKMVNEALVRQGLAKVAYVYKGNNTHEQLLRKSEAQAKKEKLNIWSEDNADSGQ,N2S,149,149,149,,,,,,,
51,5L8I (3–127),5L8I,A,,,MAFTGKFEMESEKNYDEFMKLLGISSDVIEKARNFKIVTEVQQDGQDFTWSQHYSGGHTMTNKFTVGKESNIQTMGGKTFKATVQMEGGKLVVNFPNYHQTSEIVGDKLVEVSTIGGVTYERVSKRLA,N2S,128,125,128,,,,,,,
52,2KLL,2KLL,A,,,SSITGISPITEYLASLSTYNDQSITFALEDESYEIYVEDLKKDEKKDKVLLSYYESQHPSNESGDGVDGKMLMVTLSPTKDFWLHANNKEHSVELHKCEKPLPDQAFFVLHNMHSNCVSFECKTDPGVFIGVKDNHLALIKVDSSENLCTENILFKLSET,N2S,160,160,160,,,,,,,
